INSERT INTO smartlib.authors (author_id, author_name) VALUES (100, 'Paulo Coelho');
INSERT INTO smartlib.authors (author_id, author_name) VALUES (101, 'George Orwell');
INSERT INTO smartlib.authors (author_id, author_name) VALUES (102, 'James Clear');
INSERT INTO smartlib.authors (author_id, author_name) VALUES (103, 'Yuval Harari');
INSERT INTO smartlib.authors (author_id, author_name) VALUES (104, 'Jay Shetty');
INSERT INTO smartlib.authors (author_id, author_name) VALUES (105, 'Khaled Hosseini');
INSERT INTO smartlib.authors (author_id, author_name) VALUES (106, 'Arundhati Roy');
INSERT INTO smartlib.authors (author_id, author_name) VALUES (107, 'Dan Brown');
INSERT INTO smartlib.authors (author_id, author_name) VALUES (108, 'Chetan Bhagat');
INSERT INTO smartlib.authors (author_id, author_name) VALUES (109, 'Sudha Murty');
INSERT INTO smartlib.authors (author_id, author_name) VALUES (110, 'Amish Tripathi');
INSERT INTO smartlib.authors (author_id, author_name) VALUES (111, 'Ravinder Singh');
INSERT INTO smartlib.authors (author_id, author_name) VALUES (112, 'John Green');
INSERT INTO smartlib.authors (author_id, author_name) VALUES (113, 'E. L. James');
INSERT INTO smartlib.authors (author_id, author_name) VALUES (114, 'Savi Sharma');
INSERT INTO smartlib.authors (author_id, author_name) VALUES (115, 'Robin Sharma');
INSERT INTO smartlib.authors (author_id, author_name) VALUES (116, 'Rujuta Diwekar');
INSERT INTO smartlib.authors (author_id, author_name) VALUES (117, 'Devdutt Pattanaik');
INSERT INTO smartlib.authors (author_id, author_name) VALUES (118, 'Mark Manson');
INSERT INTO smartlib.authors (author_id, author_name) VALUES (119, 'Rujuta Joshi');

INSERT INTO smartlib.books (book_id, book_name, book_price, author_id)
        VALUES (200, 'The Alchemist', 496.85, 100);
INSERT INTO smartlib.books (book_id, book_name, book_price, author_id)
        VALUES (201, '1984', 314.32, 101);
INSERT INTO smartlib.books (book_id, book_name, book_price, author_id)
        VALUES (202, 'Atomic Habits', 333.38, 102);
INSERT INTO smartlib.books (book_id, book_name, book_price, author_id)
        VALUES (203, 'Sapiens', 272.6, 103);
INSERT INTO smartlib.books (book_id, book_name, book_price, author_id)
        VALUES (204, 'Think Like a Monk', 348.75, 104);
INSERT INTO smartlib.books (book_id, book_name, book_price, author_id)
        VALUES (205, 'Kite Runner', 463.77, 105);
INSERT INTO smartlib.books (book_id, book_name, book_price, author_id)
        VALUES (206, 'God of Small Things', 427.0, 106);
INSERT INTO smartlib.books (book_id, book_name, book_price, author_id)
        VALUES (207, 'The Da Vinci Code', 342.97, 107);
INSERT INTO smartlib.books (book_id, book_name, book_price, author_id)
        VALUES (208, '2 States', 679.25, 108);
INSERT INTO smartlib.books (book_id, book_name, book_price, author_id)
        VALUES (209, 'Wise & Otherwise', 297.03, 109);
INSERT INTO smartlib.books (book_id, book_name, book_price, author_id)
        VALUES (210, 'Shiva Trilogy', 332.08, 110);
INSERT INTO smartlib.books (book_id, book_name, book_price, author_id)
        VALUES (211, 'Can Love Happen Twice', 288.58, 111);
INSERT INTO smartlib.books (book_id, book_name, book_price, author_id)
        VALUES (212, 'Fault in Our Stars', 283.37, 112);
INSERT INTO smartlib.books (book_id, book_name, book_price, author_id)
        VALUES (213, 'Fifty Shades of Grey', 296.41, 113);
INSERT INTO smartlib.books (book_id, book_name, book_price, author_id)
        VALUES (214, 'Everyone Has a Story', 292.21, 114);
INSERT INTO smartlib.books (book_id, book_name, book_price, author_id)
        VALUES (215, 'Monk Who Sold His Ferrari', 315.49, 115);
INSERT INTO smartlib.books (book_id, book_name, book_price, author_id)
        VALUES (216, 'Indian Superfoods', 640.88, 116);
INSERT INTO smartlib.books (book_id, book_name, book_price, author_id)
        VALUES (217, 'Myth = Mithya', 298.28, 117);
INSERT INTO smartlib.books (book_id, book_name, book_price, author_id)
        VALUES (218, 'Subtle Art of Not Giving', 586.96, 118);
INSERT INTO smartlib.books (book_id, book_name, book_price, author_id)
        VALUES (219, 'Balanced Life', 531.89, 119);

INSERT INTO smartlib.customers (customer_id, customer_name, customer_location)
        VALUES (300, 'Ayaan Khan', 'Ahmedabad');
INSERT INTO smartlib.customers (customer_id, customer_name, customer_location)
        VALUES (301, 'Riya Deshmukh', 'Pune');
INSERT INTO smartlib.customers (customer_id, customer_name, customer_location)
        VALUES (302, 'Tushar Mehta', 'Kolkata');
INSERT INTO smartlib.customers (customer_id, customer_name, customer_location)
        VALUES (303, 'Kavya Nair', 'Bhopal');
INSERT INTO smartlib.customers (customer_id, customer_name, customer_location)
        VALUES (304, 'Rohan Sinha', 'Hyderabad');
INSERT INTO smartlib.customers (customer_id, customer_name, customer_location)
        VALUES (305, 'Snehal Kothari', 'Chennai');
INSERT INTO smartlib.customers (customer_id, customer_name, customer_location)
        VALUES (306, 'Faiz Shaikh', 'Lucknow');
INSERT INTO smartlib.customers (customer_id, customer_name, customer_location)
        VALUES (307, 'Pratik Shah', 'Bangalore');
INSERT INTO smartlib.customers (customer_id, customer_name, customer_location)
        VALUES (308, 'Manav Kapoor', 'Bhopal');
INSERT INTO smartlib.customers (customer_id, customer_name, customer_location)
        VALUES (309, 'Rachana Sharma', 'Lucknow');
INSERT INTO smartlib.customers (customer_id, customer_name, customer_location)
        VALUES (310, 'Anaya Bhatt', 'Mumbai');
INSERT INTO smartlib.customers (customer_id, customer_name, customer_location)
        VALUES (311, 'Samar Dubey', 'Ahmedabad');
INSERT INTO smartlib.customers (customer_id, customer_name, customer_location)
        VALUES (312, 'Mahima Reddy', 'Lucknow');
INSERT INTO smartlib.customers (customer_id, customer_name, customer_location)
        VALUES (313, 'Vishal Khanna', 'Bangalore');
INSERT INTO smartlib.customers (customer_id, customer_name, customer_location)
        VALUES (314, 'Aisha Merchant', 'Kolkata');
INSERT INTO smartlib.customers (customer_id, customer_name, customer_location)
        VALUES (315, 'Zahra Khan', 'Lucknow');
INSERT INTO smartlib.customers (customer_id, customer_name, customer_location)
        VALUES (316, 'Viraj Thakur', 'Mumbai');
INSERT INTO smartlib.customers (customer_id, customer_name, customer_location)
        VALUES (317, 'Jatin Rawal', 'Chennai');
INSERT INTO smartlib.customers (customer_id, customer_name, customer_location)
        VALUES (318, 'Arya Saxena', 'Bangalore');
INSERT INTO smartlib.customers (customer_id, customer_name, customer_location)
        VALUES (319, 'Kavya Malhotra', 'Pune');

INSERT INTO smartlib.employees (employee_id, employee_name, hire_date)
        VALUES (400, 'Neha Sharma', '2020-03-20');
INSERT INTO smartlib.employees (employee_id, employee_name, hire_date)
        VALUES (401, 'Aman Verma', '2020-08-26');
INSERT INTO smartlib.employees (employee_id, employee_name, hire_date)
        VALUES (402, 'Sneha Patil', '2020-03-05');
INSERT INTO smartlib.employees (employee_id, employee_name, hire_date)
        VALUES (403, 'Ravi Shinde', '2021-06-03');
INSERT INTO smartlib.employees (employee_id, employee_name, hire_date)
        VALUES (404, 'Meena Iyer', '2021-03-06');
INSERT INTO smartlib.employees (employee_id, employee_name, hire_date)
        VALUES (405, 'Deepak Joshi', '2022-05-14');
INSERT INTO smartlib.employees (employee_id, employee_name, hire_date)
        VALUES (406, 'Rina Thomas', '2021-10-20');
INSERT INTO smartlib.employees (employee_id, employee_name, hire_date)
        VALUES (407, 'Sonali Kulkarni', '2020-12-28');
INSERT INTO smartlib.employees (employee_id, employee_name, hire_date)
        VALUES (408, 'Imran Sheikh', '2020-10-18');
INSERT INTO smartlib.employees (employee_id, employee_name, hire_date)
        VALUES (409, 'Reena Kapoor', '2021-10-01');
INSERT INTO smartlib.employees (employee_id, employee_name, hire_date)
        VALUES (410, 'Raghav Menon', '2020-12-26');
INSERT INTO smartlib.employees (employee_id, employee_name, hire_date)
        VALUES (411, 'Isha Bhatnagar', '2021-12-15');
INSERT INTO smartlib.employees (employee_id, employee_name, hire_date)
        VALUES (412, 'Krishna Yadav', '2020-04-22');
INSERT INTO smartlib.employees (employee_id, employee_name, hire_date)
        VALUES (413, 'Devika Rane', '2021-08-05');
INSERT INTO smartlib.employees (employee_id, employee_name, hire_date)
        VALUES (414, 'Aditya Kulkarni', '2022-05-20');
INSERT INTO smartlib.employees (employee_id, employee_name, hire_date)
        VALUES (415, 'Namrata Sinha', '2022-05-15');
INSERT INTO smartlib.employees (employee_id, employee_name, hire_date)
        VALUES (416, 'Farah D'Souza', '2022-01-03');
INSERT INTO smartlib.employees (employee_id, employee_name, hire_date)
        VALUES (417, 'Shruti Joshi', '2020-09-17');
INSERT INTO smartlib.employees (employee_id, employee_name, hire_date)
        VALUES (418, 'Arjun Mahajan', '2021-08-13');
INSERT INTO smartlib.employees (employee_id, employee_name, hire_date)
        VALUES (419, 'Ritika Saxena', '2022-02-11');

INSERT INTO smartlib.salaries (employee_id, salary)
        VALUES (400, 34410.82);
INSERT INTO smartlib.salaries (employee_id, salary)
        VALUES (401, 31017.32);
INSERT INTO smartlib.salaries (employee_id, salary)
        VALUES (402, 30067.64);
INSERT INTO smartlib.salaries (employee_id, salary)
        VALUES (403, 40078.85);
INSERT INTO smartlib.salaries (employee_id, salary)
        VALUES (404, 41377.41);
INSERT INTO smartlib.salaries (employee_id, salary)
        VALUES (405, 37441.68);
INSERT INTO smartlib.salaries (employee_id, salary)
        VALUES (406, 44813.14);
INSERT INTO smartlib.salaries (employee_id, salary)
        VALUES (407, 39647.64);
INSERT INTO smartlib.salaries (employee_id, salary)
        VALUES (408, 43591.82);
INSERT INTO smartlib.salaries (employee_id, salary)
        VALUES (409, 40286.3);
INSERT INTO smartlib.salaries (employee_id, salary)
        VALUES (410, 43994.98);
INSERT INTO smartlib.salaries (employee_id, salary)
        VALUES (411, 36144.56);
INSERT INTO smartlib.salaries (employee_id, salary)
        VALUES (412, 37765.06);
INSERT INTO smartlib.salaries (employee_id, salary)
        VALUES (413, 41592.32);
INSERT INTO smartlib.salaries (employee_id, salary)
        VALUES (414, 42991.63);
INSERT INTO smartlib.salaries (employee_id, salary)
        VALUES (415, 38457.5);
INSERT INTO smartlib.salaries (employee_id, salary)
        VALUES (416, 39509.48);
INSERT INTO smartlib.salaries (employee_id, salary)
        VALUES (417, 43041.9);
INSERT INTO smartlib.salaries (employee_id, salary)
        VALUES (418, 43020.65);
INSERT INTO smartlib.salaries (employee_id, salary)
        VALUES (419, 37221.91);

INSERT INTO smartlib.orders (customer_id, book_id)
        VALUES (300, 200);
INSERT INTO smartlib.orders (customer_id, book_id)
        VALUES (301, 201);
INSERT INTO smartlib.orders (customer_id, book_id)
        VALUES (302, 202);
INSERT INTO smartlib.orders (customer_id, book_id)
        VALUES (303, 203);
INSERT INTO smartlib.orders (customer_id, book_id)
        VALUES (304, 204);
INSERT INTO smartlib.orders (customer_id, book_id)
        VALUES (305, 205);
INSERT INTO smartlib.orders (customer_id, book_id)
        VALUES (306, 206);
INSERT INTO smartlib.orders (customer_id, book_id)
        VALUES (307, 207);
INSERT INTO smartlib.orders (customer_id, book_id)
        VALUES (308, 208);
INSERT INTO smartlib.orders (customer_id, book_id)
        VALUES (309, 209);
INSERT INTO smartlib.orders (customer_id, book_id)
        VALUES (310, 210);
INSERT INTO smartlib.orders (customer_id, book_id)
        VALUES (311, 211);
INSERT INTO smartlib.orders (customer_id, book_id)
        VALUES (312, 212);
INSERT INTO smartlib.orders (customer_id, book_id)
        VALUES (313, 213);
INSERT INTO smartlib.orders (customer_id, book_id)
        VALUES (314, 214);
INSERT INTO smartlib.orders (customer_id, book_id)
        VALUES (315, 215);
INSERT INTO smartlib.orders (customer_id, book_id)
        VALUES (316, 216);
INSERT INTO smartlib.orders (customer_id, book_id)
        VALUES (317, 217);
INSERT INTO smartlib.orders (customer_id, book_id)
        VALUES (318, 218);
INSERT INTO smartlib.orders (customer_id, book_id)
        VALUES (319, 219);

INSERT INTO smartlib.payments (customer_id, payment_status, payment_date, payment_amount)
        VALUES (300, 'Paid', '2024-05-07', 409.13);
INSERT INTO smartlib.payments (customer_id, payment_status, payment_date, payment_amount)
        VALUES (301, 'Unpaid', '2024-06-02', 574.82);
INSERT INTO smartlib.payments (customer_id, payment_status, payment_date, payment_amount)
        VALUES (302, 'Unpaid', '2024-05-20', 421.7);
INSERT INTO smartlib.payments (customer_id, payment_status, payment_date, payment_amount)
        VALUES (303, 'Paid', '2024-05-11', 540.69);
INSERT INTO smartlib.payments (customer_id, payment_status, payment_date, payment_amount)
        VALUES (304, 'Unpaid', '2024-05-18', 585.04);
INSERT INTO smartlib.payments (customer_id, payment_status, payment_date, payment_amount)
        VALUES (305, 'Paid', '2024-05-25', 498.76);
INSERT INTO smartlib.payments (customer_id, payment_status, payment_date, payment_amount)
        VALUES (306, 'Paid', '2024-05-22', 370.61);
INSERT INTO smartlib.payments (customer_id, payment_status, payment_date, payment_amount)
        VALUES (307, 'Paid', '2024-05-13', 763.55);
INSERT INTO smartlib.payments (customer_id, payment_status, payment_date, payment_amount)
        VALUES (308, 'Unpaid', '2024-05-05', 377.08);
INSERT INTO smartlib.payments (customer_id, payment_status, payment_date, payment_amount)
        VALUES (309, 'Unpaid', '2024-05-29', 776.79);
INSERT INTO smartlib.payments (customer_id, payment_status, payment_date, payment_amount)
        VALUES (310, 'Paid', '2024-05-04', 213.25);
INSERT INTO smartlib.payments (customer_id, payment_status, payment_date, payment_amount)
        VALUES (311, 'Paid', '2024-05-20', 372.05);
INSERT INTO smartlib.payments (customer_id, payment_status, payment_date, payment_amount)
        VALUES (312, 'Paid', '2024-06-04', 599.71);
INSERT INTO smartlib.payments (customer_id, payment_status, payment_date, payment_amount)
        VALUES (313, 'Unpaid', '2024-05-26', 385.88);
INSERT INTO smartlib.payments (customer_id, payment_status, payment_date, payment_amount)
        VALUES (314, 'Unpaid', '2024-05-25', 564.05);
INSERT INTO smartlib.payments (customer_id, payment_status, payment_date, payment_amount)
        VALUES (315, 'Unpaid', '2024-05-19', 446.4);
INSERT INTO smartlib.payments (customer_id, payment_status, payment_date, payment_amount)
        VALUES (316, 'Unpaid', '2024-05-03', 235.9);
INSERT INTO smartlib.payments (customer_id, payment_status, payment_date, payment_amount)
        VALUES (317, 'Paid', '2024-05-16', 253.2);
INSERT INTO smartlib.payments (customer_id, payment_status, payment_date, payment_amount)
        VALUES (318, 'Paid', '2024-05-30', 624.57);
INSERT INTO smartlib.payments (customer_id, payment_status, payment_date, payment_amount)
        VALUES (319, 'Paid', '2024-05-15', 756.87);

INSERT INTO smartlib.rented_books (customer_id, book_id, rented_book_qty, rented_book_amt, book_rented_date, due_date)
        VALUES (300, 200, 1, 655.26, '2024-05-12', '2024-05-20');
INSERT INTO smartlib.rented_books (customer_id, book_id, rented_book_qty, rented_book_amt, book_rented_date, due_date)
        VALUES (301, 201, 1, 499.82, '2024-05-10', '2024-05-29');
INSERT INTO smartlib.rented_books (customer_id, book_id, rented_book_qty, rented_book_amt, book_rented_date, due_date)
        VALUES (302, 202, 1, 586.17, '2024-05-07', '2024-05-22');
INSERT INTO smartlib.rented_books (customer_id, book_id, rented_book_qty, rented_book_amt, book_rented_date, due_date)
        VALUES (303, 203, 1, 280.81, '2024-05-07', '2024-05-16');
INSERT INTO smartlib.rented_books (customer_id, book_id, rented_book_qty, rented_book_amt, book_rented_date, due_date)
        VALUES (304, 204, 1, 665.82, '2024-05-10', '2024-05-23');
INSERT INTO smartlib.rented_books (customer_id, book_id, rented_book_qty, rented_book_amt, book_rented_date, due_date)
        VALUES (305, 205, 1, 637.98, '2024-04-26', '2024-05-19');
INSERT INTO smartlib.rented_books (customer_id, book_id, rented_book_qty, rented_book_amt, book_rented_date, due_date)
        VALUES (306, 206, 1, 480.05, '2024-05-07', '2024-05-27');
INSERT INTO smartlib.rented_books (customer_id, book_id, rented_book_qty, rented_book_amt, book_rented_date, due_date)
        VALUES (307, 207, 1, 441.74, '2024-05-09', '2024-05-18');
INSERT INTO smartlib.rented_books (customer_id, book_id, rented_book_qty, rented_book_amt, book_rented_date, due_date)
        VALUES (308, 208, 1, 561.91, '2024-05-13', '2024-06-01');
INSERT INTO smartlib.rented_books (customer_id, book_id, rented_book_qty, rented_book_amt, book_rented_date, due_date)
        VALUES (309, 209, 1, 426.88, '2024-05-06', '2024-05-16');
INSERT INTO smartlib.rented_books (customer_id, book_id, rented_book_qty, rented_book_amt, book_rented_date, due_date)
        VALUES (310, 210, 1, 556.9, '2024-05-09', '2024-05-22');
INSERT INTO smartlib.rented_books (customer_id, book_id, rented_book_qty, rented_book_amt, book_rented_date, due_date)
        VALUES (311, 211, 1, 266.96, '2024-05-01', '2024-06-01');
INSERT INTO smartlib.rented_books (customer_id, book_id, rented_book_qty, rented_book_amt, book_rented_date, due_date)
        VALUES (312, 212, 1, 490.31, '2024-04-20', '2024-05-18');
INSERT INTO smartlib.rented_books (customer_id, book_id, rented_book_qty, rented_book_amt, book_rented_date, due_date)
        VALUES (313, 213, 1, 272.04, '2024-04-28', '2024-05-24');
INSERT INTO smartlib.rented_books (customer_id, book_id, rented_book_qty, rented_book_amt, book_rented_date, due_date)
        VALUES (314, 214, 1, 569.86, '2024-04-27', '2024-05-28');
INSERT INTO smartlib.rented_books (customer_id, book_id, rented_book_qty, rented_book_amt, book_rented_date, due_date)
        VALUES (315, 215, 1, 487.2, '2024-05-13', '2024-05-23');
INSERT INTO smartlib.rented_books (customer_id, book_id, rented_book_qty, rented_book_amt, book_rented_date, due_date)
        VALUES (316, 216, 1, 558.15, '2024-05-06', '2024-05-27');
INSERT INTO smartlib.rented_books (customer_id, book_id, rented_book_qty, rented_book_amt, book_rented_date, due_date)
        VALUES (317, 217, 1, 678.69, '2024-04-20', '2024-05-18');
INSERT INTO smartlib.rented_books (customer_id, book_id, rented_book_qty, rented_book_amt, book_rented_date, due_date)
        VALUES (318, 218, 1, 582.67, '2024-05-07', '2024-05-27');
INSERT INTO smartlib.rented_books (customer_id, book_id, rented_book_qty, rented_book_amt, book_rented_date, due_date)
        VALUES (319, 219, 1, 633.58, '2024-05-11', '2024-05-16');

INSERT INTO smartlib.reviews (customer_id, book_id, rating)
        VALUES (300, 200, 5);
INSERT INTO smartlib.reviews (customer_id, book_id, rating)
        VALUES (301, 201, 3);
INSERT INTO smartlib.reviews (customer_id, book_id, rating)
        VALUES (302, 202, 1);
INSERT INTO smartlib.reviews (customer_id, book_id, rating)
        VALUES (303, 203, 4);
INSERT INTO smartlib.reviews (customer_id, book_id, rating)
        VALUES (304, 204, 5);
INSERT INTO smartlib.reviews (customer_id, book_id, rating)
        VALUES (305, 205, 3);
INSERT INTO smartlib.reviews (customer_id, book_id, rating)
        VALUES (306, 206, 2);
INSERT INTO smartlib.reviews (customer_id, book_id, rating)
        VALUES (307, 207, 3);
INSERT INTO smartlib.reviews (customer_id, book_id, rating)
        VALUES (308, 208, 5);
INSERT INTO smartlib.reviews (customer_id, book_id, rating)
        VALUES (309, 209, 2);
INSERT INTO smartlib.reviews (customer_id, book_id, rating)
        VALUES (310, 210, 3);
INSERT INTO smartlib.reviews (customer_id, book_id, rating)
        VALUES (311, 211, 3);
INSERT INTO smartlib.reviews (customer_id, book_id, rating)
        VALUES (312, 212, 2);
INSERT INTO smartlib.reviews (customer_id, book_id, rating)
        VALUES (313, 213, 3);
INSERT INTO smartlib.reviews (customer_id, book_id, rating)
        VALUES (314, 214, 2);
INSERT INTO smartlib.reviews (customer_id, book_id, rating)
        VALUES (315, 215, 2);
INSERT INTO smartlib.reviews (customer_id, book_id, rating)
        VALUES (316, 216, 5);
INSERT INTO smartlib.reviews (customer_id, book_id, rating)
        VALUES (317, 217, 4);
INSERT INTO smartlib.reviews (customer_id, book_id, rating)
        VALUES (318, 218, 4);
INSERT INTO smartlib.reviews (customer_id, book_id, rating)
        VALUES (319, 219, 5);

INSERT INTO smartlib.suppliers (supplier_id, supplier_name, supplier_date)
        VALUES (500, 'Global Books Co.', '2024-04-02');
INSERT INTO smartlib.suppliers (supplier_id, supplier_name, supplier_date)
        VALUES (501, 'PrintWorld', '2024-04-26');
INSERT INTO smartlib.suppliers (supplier_id, supplier_name, supplier_date)
        VALUES (502, 'ReadMore Pvt Ltd', '2024-05-05');
INSERT INTO smartlib.suppliers (supplier_id, supplier_name, supplier_date)
        VALUES (503, 'EduZone', '2024-04-06');
INSERT INTO smartlib.suppliers (supplier_id, supplier_name, supplier_date)
        VALUES (504, 'BookNest', '2024-05-29');
INSERT INTO smartlib.suppliers (supplier_id, supplier_name, supplier_date)
        VALUES (505, 'PageTurners', '2024-04-11');
INSERT INTO smartlib.suppliers (supplier_id, supplier_name, supplier_date)
        VALUES (506, 'InkSupply', '2024-04-12');
INSERT INTO smartlib.suppliers (supplier_id, supplier_name, supplier_date)
        VALUES (507, 'NextChapter Ltd.', '2024-04-25');
INSERT INTO smartlib.suppliers (supplier_id, supplier_name, supplier_date)
        VALUES (508, 'BookBay', '2024-05-11');
INSERT INTO smartlib.suppliers (supplier_id, supplier_name, supplier_date)
        VALUES (509, 'PaperTrail Distributors', '2024-04-25');
INSERT INTO smartlib.suppliers (supplier_id, supplier_name, supplier_date)
        VALUES (510, 'SageBooks', '2024-04-14');
INSERT INTO smartlib.suppliers (supplier_id, supplier_name, supplier_date)
        VALUES (511, 'Classic Prints', '2024-05-13');
INSERT INTO smartlib.suppliers (supplier_id, supplier_name, supplier_date)
        VALUES (512, 'BookWorld India', '2024-04-17');
INSERT INTO smartlib.suppliers (supplier_id, supplier_name, supplier_date)
        VALUES (513, 'LitExpress', '2024-04-21');
INSERT INTO smartlib.suppliers (supplier_id, supplier_name, supplier_date)
        VALUES (514, 'BookBasket', '2024-05-16');
INSERT INTO smartlib.suppliers (supplier_id, supplier_name, supplier_date)
        VALUES (515, 'PrimeBooks', '2024-04-01');
INSERT INTO smartlib.suppliers (supplier_id, supplier_name, supplier_date)
        VALUES (516, 'BookBuddy', '2024-05-29');
INSERT INTO smartlib.suppliers (supplier_id, supplier_name, supplier_date)
        VALUES (517, 'Bind & Deliver', '2024-05-28');
INSERT INTO smartlib.suppliers (supplier_id, supplier_name, supplier_date)
        VALUES (518, 'SmartPages', '2024-04-06');
INSERT INTO smartlib.suppliers (supplier_id, supplier_name, supplier_date)
        VALUES (519, 'EliteReads', '2024-04-16');

INSERT INTO smartlib.supp_returns (supply_return_id, supplier_id, return_date, return_amount)
        VALUES (600, 500, '2024-05-12', 627.47);
INSERT INTO smartlib.supp_returns (supply_return_id, supplier_id, return_date, return_amount)
        VALUES (601, 501, '2024-05-12', 265.6);
INSERT INTO smartlib.supp_returns (supply_return_id, supplier_id, return_date, return_amount)
        VALUES (602, 502, '2024-05-13', 612.21);
INSERT INTO smartlib.supp_returns (supply_return_id, supplier_id, return_date, return_amount)
        VALUES (603, 503, '2024-05-21', 369.63);
INSERT INTO smartlib.supp_returns (supply_return_id, supplier_id, return_date, return_amount)
        VALUES (604, 504, '2024-05-13', 350.46);
INSERT INTO smartlib.supp_returns (supply_return_id, supplier_id, return_date, return_amount)
        VALUES (605, 505, '2024-05-22', 315.37);
INSERT INTO smartlib.supp_returns (supply_return_id, supplier_id, return_date, return_amount)
        VALUES (606, 506, '2024-05-25', 362.37);
INSERT INTO smartlib.supp_returns (supply_return_id, supplier_id, return_date, return_amount)
        VALUES (607, 507, '2024-05-18', 948.56);
INSERT INTO smartlib.supp_returns (supply_return_id, supplier_id, return_date, return_amount)
        VALUES (608, 508, '2024-05-30', 799.07);
INSERT INTO smartlib.supp_returns (supply_return_id, supplier_id, return_date, return_amount)
        VALUES (609, 509, '2024-05-11', 655.05);
INSERT INTO smartlib.supp_returns (supply_return_id, supplier_id, return_date, return_amount)
        VALUES (610, 510, '2024-05-25', 343.23);
INSERT INTO smartlib.supp_returns (supply_return_id, supplier_id, return_date, return_amount)
        VALUES (611, 511, '2024-05-16', 309.84);
INSERT INTO smartlib.supp_returns (supply_return_id, supplier_id, return_date, return_amount)
        VALUES (612, 512, '2024-05-28', 589.52);
INSERT INTO smartlib.supp_returns (supply_return_id, supplier_id, return_date, return_amount)
        VALUES (613, 513, '2024-05-12', 654.44);
INSERT INTO smartlib.supp_returns (supply_return_id, supplier_id, return_date, return_amount)
        VALUES (614, 514, '2024-05-10', 986.75);
INSERT INTO smartlib.supp_returns (supply_return_id, supplier_id, return_date, return_amount)
        VALUES (615, 515, '2024-05-18', 763.4);
INSERT INTO smartlib.supp_returns (supply_return_id, supplier_id, return_date, return_amount)
        VALUES (616, 516, '2024-05-20', 524.97);
INSERT INTO smartlib.supp_returns (supply_return_id, supplier_id, return_date, return_amount)
        VALUES (617, 517, '2024-05-26', 903.75);
INSERT INTO smartlib.supp_returns (supply_return_id, supplier_id, return_date, return_amount)
        VALUES (618, 518, '2024-05-24', 501.85);
INSERT INTO smartlib.supp_returns (supply_return_id, supplier_id, return_date, return_amount)
        VALUES (619, 519, '2024-05-24', 348.33);

INSERT INTO smartlib.rents (purchase_id, purchase_date, purchase_qty, purchase_amt)
        VALUES (700, '2024-05-24', 19, 3172.5);
INSERT INTO smartlib.rents (purchase_id, purchase_date, purchase_qty, purchase_amt)
        VALUES (701, '2024-05-27', 17, 1734.75);
INSERT INTO smartlib.rents (purchase_id, purchase_date, purchase_qty, purchase_amt)
        VALUES (702, '2024-05-10', 20, 4502.98);
INSERT INTO smartlib.rents (purchase_id, purchase_date, purchase_qty, purchase_amt)
        VALUES (703, '2024-05-14', 12, 4584.8);
INSERT INTO smartlib.rents (purchase_id, purchase_date, purchase_qty, purchase_amt)
        VALUES (704, '2024-05-04', 16, 4914.34);
INSERT INTO smartlib.rents (purchase_id, purchase_date, purchase_qty, purchase_amt)
        VALUES (705, '2024-05-30', 15, 3898.67);
INSERT INTO smartlib.rents (purchase_id, purchase_date, purchase_qty, purchase_amt)
        VALUES (706, '2024-05-03', 15, 1981.18);
INSERT INTO smartlib.rents (purchase_id, purchase_date, purchase_qty, purchase_amt)
        VALUES (707, '2024-05-29', 13, 2787.97);
INSERT INTO smartlib.rents (purchase_id, purchase_date, purchase_qty, purchase_amt)
        VALUES (708, '2024-05-26', 5, 4627.4);
INSERT INTO smartlib.rents (purchase_id, purchase_date, purchase_qty, purchase_amt)
        VALUES (709, '2024-05-05', 7, 4339.4);
INSERT INTO smartlib.rents (purchase_id, purchase_date, purchase_qty, purchase_amt)
        VALUES (710, '2024-05-27', 14, 2321.66);
INSERT INTO smartlib.rents (purchase_id, purchase_date, purchase_qty, purchase_amt)
        VALUES (711, '2024-04-17', 13, 4414.87);
INSERT INTO smartlib.rents (purchase_id, purchase_date, purchase_qty, purchase_amt)
        VALUES (712, '2024-04-28', 14, 2330.02);
INSERT INTO smartlib.rents (purchase_id, purchase_date, purchase_qty, purchase_amt)
        VALUES (713, '2024-05-10', 7, 4004.8);
INSERT INTO smartlib.rents (purchase_id, purchase_date, purchase_qty, purchase_amt)
        VALUES (714, '2024-04-28', 10, 1156.42);
INSERT INTO smartlib.rents (purchase_id, purchase_date, purchase_qty, purchase_amt)
        VALUES (715, '2024-05-29', 16, 3512.53);
INSERT INTO smartlib.rents (purchase_id, purchase_date, purchase_qty, purchase_amt)
        VALUES (716, '2024-04-26', 20, 4145.3);
INSERT INTO smartlib.rents (purchase_id, purchase_date, purchase_qty, purchase_amt)
        VALUES (717, '2024-05-14', 17, 4610.64);
INSERT INTO smartlib.rents (purchase_id, purchase_date, purchase_qty, purchase_amt)
        VALUES (718, '2024-05-21', 18, 1951.87);
INSERT INTO smartlib.rents (purchase_id, purchase_date, purchase_qty, purchase_amt)
        VALUES (719, '2024-04-22', 8, 1353.84);